<?xml version="1.0" encoding="utf-8"?>
<Window caption="0,0,0,36" roundcorner="5,5" size="600,400" sizebox="6,6,6,6" mininfo="80,60">
  <Font name="微软雅黑" size="18" bold="false" default="true"/>
  <Font name="微软雅黑" size="18"/>
  <Default name="VScrollBar" value="button1normalimage=&quot;file='$scroll.png' source='0,0,16,16'&quot; button1hotimage=&quot;file='$scroll.png' source='0,0,16,16' mask='#FFFF00FF'&quot; button1pushedimage=&quot;file='$scroll.png' source='0,16,16,32' mask='#FFFF00FF'&quot; button1disabledimage=&quot;file='$scroll.png' source='0,0,16,16' mask='#FFFF00FF'&quot; button2normalimage=&quot;file='$scroll.png' source='0,32,16,48' mask='#FFFF00FF'&quot; button2hotimage=&quot;file='$scroll.png' source='0,32,16,48' mask='#FFFF00FF'&quot; button2pushedimage=&quot;file='$scroll.png' source='0,48,16,64' mask='#FFFF00FF'&quot; button2disabledimage=&quot;file='$scroll.png' source='0,32,16,48' mask='#FFFF00FF'&quot; thumbnormalimage=&quot;file='$scroll.png' source='0,64,16,80' corner='2,2,2,2' mask='#FFFF00FF'&quot; thumbhotimage=&quot;file='$scroll.png' source='0,64,16,80' corner='2,2,2,2' mask='#FFFF00FF'&quot; thumbpushedimage=&quot;file='$scroll.png' source='0,64,16,80' corner='2,2,2,2' mask='#FFFF00FF'&quot; thumbdisabledimage=&quot;file='$scroll.png' source='0,64,16,80' corner='2,2,2,2' mask='#FFFF00FF'&quot; railnormalimage=&quot;file='$scroll.png' source='0,80,16,96' corner='2,2,2,2' mask='#FFFF00FF'&quot; railhotimage=&quot;file='$scroll.png' source='0,80,16,96' corner='2,2,2,2' mask='#FFFF00FF'&quot; railpushedimage=&quot;file='$scroll.png' source='0,96,16,112' corner='2,2,2,2' mask='#FFFF00FF'&quot; raildisabledimage=&quot;file='$scroll.png' source='0,80,16,96' corner='2,2,2,2' mask='#FFFF00FF'&quot; bknormalimage=&quot;file='$scroll.png' source='0,128,16,146' corner='2,2,2,2' mask='#FFFF00FF'&quot; bkhotimage=&quot;file='$scroll.png' source='0,128,16,146' corner='2,2,2,2' mask='#FFFF00FF'&quot; bkpushedimage=&quot;file='$scroll.png' source='0,128,16,146' corner='2,2,2,2' mask='#FFFF00FF'&quot; bkdisabledimage=&quot;file='$scroll.png' source='0,128,16,146' corner='2,2,2,2' mask='#FFFF00FF'&quot; " />
  <VerticalLayout bkcolor="#FFFFFFFF" bordersize="2" bordercolor="#FF0934DA">

    <HorizontalLayout name="header" height="36" bkcolor="#FF4775CC">
      <HorizontalLayout>
        <Container name="logo" padding="7,2,0,0" width="32" height="32"  bkimage="file='Text.png'"/>
        <Label name="apptitle" text="输入" font="1" textcolor="#FFFFFFFF" />
      </HorizontalLayout>
      <HorizontalLayout height="25" width="45">
        <Button name="closebtn" tooltip="关闭" height="18" width="43" normalimage="file='close.png'" hotimage="file='close_h.png'" pushedimage="file='close_p.png'"/>
      </HorizontalLayout>
    </HorizontalLayout>

    <VerticalLayout name="body" padding="2,0,2,2">
      <RichEdit name="input" bordercolor="#FF0000" bordersize="0" borderround="18,18" inset="4,2,4,2" bkcolor="#A0F2F5FA" font="1" multiline="true" vscrollbar="true" autovscroll="true" enabled="true" rich="true" readonly="false" />
    </VerticalLayout>

    <VerticalLayout name="bottom" height="36" bkcolor="#FF4775CC">
    </VerticalLayout>

  </VerticalLayout>
</Window>